ID,TEMPOS,TRATAMENTO EM EVIDENCIA,TRATAMENTO COMPARADO,VALUE,STD.ERROR,DF,T.VALUE,P.VALUE,SIGN.
1,0,QTSB,AGSB,1.49581882455548e-14,0.789200614337146,137,1.89535942747817e-14,0.999999999999985,NS
2,1,QTSB,AGSB,-54.3637170208933,0.789200614337146,137,-68.8845345952419,3.42615500100492e-108,*
3,2,QTSB,AGSB,-69.8595803070369,0.789200614337146,137,-88.5194195720594,8.74842756942971e-123,*
4,3,QTSB,AGSB,-70.585969343572,0.789200614337146,137,-89.4398307113046,2.17201819286254e-123,*
5,4,QTSB,AGSB,-48.9615162835131,0.789200614337146,137,-62.0393793340317,3.7126722711135e-102,*
6,6,QTSB,AGSB,-3.67908307504695,0.789200614337146,137,-4.66178435268582,7.35352610311121e-06,*
7,8,QTSB,AGSB,7.70987724505593,0.789200614337147,137,9.76922357255321,1.97269135227362e-17,*
8,12,QTSB,AGSB,12.5731609747224,0.789200614337146,137,15.9315144290437,5.49939367482613e-33,*
9,16,QTSB,AGSB,12.8467768986465,0.789200614337146,137,16.2782145189238,7.92531404863114e-34,*
10,0,QTSB,CMSB,1.33808721013925e-14,0.789200614337146,137,1.69549691907313e-14,0.999999999999986,NS
11,1,QTSB,CMSB,-53.1504017292718,0.789200614337146,137,-67.3471367909579,6.91058402594634e-107,*
12,2,QTSB,CMSB,-69.6084777470724,0.789200614337147,137,-88.2012462769519,1.42071675316157e-122,*
13,3,QTSB,CMSB,-70.707940588362,0.789200614337146,137,-89.5943810785677,1.72129151341351e-123,*
14,4,QTSB,CMSB,-42.7484191335092,0.789200614337146,137,-54.1667332195551,2.13257218707822e-94,*
15,6,QTSB,CMSB,-2.23894224105725,0.789200614337146,137,-2.836974782309,0.00524627660656253,*
16,8,QTSB,CMSB,9.03676074823102,0.789200614337147,137,11.4505242191443,1.02407854419453e-21,*
17,12,QTSB,CMSB,19.0987283994853,0.789200614337146,137,24.2000931734276,2.5510624308882e-51,*
18,16,QTSB,CMSB,19.7330392843914,0.789200614337147,137,25.0038316315368,6.59317981384939e-53,*
19,0,QTSB,CPSB,2.58012078120052e-14,0.789200614337146,137,3.26928379720989e-14,0.999999999999974,NS
20,1,QTSB,CPSB,-38.9010839982131,0.789200614337147,137,-49.2917558495394,4.65533258780543e-89,*
21,2,QTSB,CPSB,-20.2909269636363,0.789200614337146,137,-25.710733867939,2.81605840499651e-54,*
22,3,QTSB,CPSB,-4.71781268844775,0.789200614337146,137,-5.97796378099662,1.85478236849529e-08,*
23,4,QTSB,CPSB,6.08614373350162,0.789200614337146,137,7.71178281280661,2.28918966941498e-12,*
24,6,QTSB,CPSB,11.0776993108752,0.789200614337146,137,14.0366075616646,2.7017668445195e-28,*
25,8,QTSB,CPSB,10.84640176968,0.789200614337147,137,13.7435293037499,1.47730192862278e-27,*
26,12,QTSB,CPSB,10.2301536660929,0.789200614337146,137,12.9626782851471,1.40457978158885e-25,*
27,16,QTSB,CPSB,8.26662072330496,0.789200614337147,137,10.4746759862169,3.19469824208226e-19,*
28,0,QTSB,CVSB,-7.06964325004659e-15,0.789200614337146,137,-8.95797991235019e-15,0.999999999999993,NS
29,1,QTSB,CVSB,-7.88952294193628,0.789200614337146,137,-9.99685352318527,5.23663913370173e-18,*
30,2,QTSB,CVSB,3.16944639654691,0.789200614337147,137,4.01602119786607,9.70869157224807e-05,*
31,3,QTSB,CVSB,7.55776288107014,0.789200614337146,137,9.57647870993859,6.04137833999073e-17,*
32,4,QTSB,CVSB,10.041483618973,0.789200614337146,137,12.7236135357129,5.70324656698552e-25,*
33,6,QTSB,CVSB,8.51052590076383,0.789200614337146,137,10.7837294423698,5.19852930873316e-20,*
34,8,QTSB,CVSB,11.772242618568,0.789200614337147,137,14.916666820458,1.71583462007591e-30,*
35,12,QTSB,CVSB,11.2652127651326,0.789200614337146,137,14.274206786565,6.84889878613055e-29,*
36,16,QTSB,CVSB,9.57082539048768,0.789200614337147,137,12.1272401676046,1.89932659341172e-23,*
37,0,QTSB,MBSB,2.18623066985122e-13,0.789200614337147,137,2.77018368984349e-13,0.999999999999779,NS
38,1,QTSB,MBSB,-38.0160545376202,0.789200614337147,137,-48.1703306446993,9.18449830321687e-88,*
39,2,QTSB,MBSB,-38.9196005752977,0.789200614337147,137,-49.3152182959036,4.37659656808723e-89,*
40,3,QTSB,MBSB,-28.6654625296024,0.789200614337146,137,-36.3221492847908,3.44050982260832e-72,*
41,4,QTSB,MBSB,-18.569501941099,0.789200614337147,137,-23.529507711668,5.71140454620025e-50,*
42,6,QTSB,MBSB,-4.9635879115085,0.789200614337146,137,-6.2893867811766,3.99243786002083e-09,*
43,8,QTSB,MBSB,0.208871129799961,0.789200614337146,137,0.264661641166351,0.791667890124465,NS
44,12,QTSB,MBSB,2.21522300111641,0.789200614337147,137,2.80692001611907,0.0057316316237784,*
45,16,QTSB,MBSB,2.59450500330925,0.789200614337147,137,3.28751011615517,0.00128431305549259,*
46,0,QTSB,MRSB,2.0294526276519e-14,0.789200614337147,137,2.57152945750866e-14,0.99999999999998,NS
47,1,QTSB,MRSB,-55.5618057407827,0.789200614337146,137,-70.4026387352085,1.87576697618448e-109,*
48,2,QTSB,MRSB,-62.6675388183849,0.789200614337146,137,-79.4063482464717,1.91922736712356e-116,*
49,3,QTSB,MRSB,-30.2393011646957,0.789200614337146,137,-38.3163679999081,4.36031324515502e-75,*
50,4,QTSB,MRSB,-9.86101860127184,0.789200614337146,137,-12.4949454196183,2.18399567063689e-24,*
51,6,QTSB,MRSB,4.64866018881353,0.789200614337147,137,5.89034030684069,2.8360935903457e-08,*
52,8,QTSB,MRSB,6.41684229131916,0.789200614337147,137,8.13081259029264,2.26993787788367e-13,*
53,12,QTSB,MRSB,8.03788158902866,0.789200614337146,137,10.1848394983571,1.74576495011211e-18,*
54,16,QTSB,MRSB,8.65488742287005,0.789200614337147,137,10.9666506407111,1.77180325747702e-20,*
55,0,QTSB,PPSB,7.82525333451144e-16,0.789200614337147,137,9.91541718588741e-16,0.999999999999999,NS
56,1,QTSB,PPSB,-57.9963096529844,0.789200614337147,137,-73.4874106778234,6.1242867747376e-112,*
57,2,QTSB,PPSB,-81.4085672143272,0.789200614337147,137,-103.153197977048,9.40094871028512e-132,*
58,3,QTSB,PPSB,-75.2962453339282,0.789200614337146,137,-95.4082447048903,3.57826116964262e-127,*
59,4,QTSB,PPSB,-60.3216692138404,0.789200614337146,137,-76.433885273271,3.18683564043724e-114,*
60,6,QTSB,PPSB,-8.52557988546173,0.789200614337146,137,-10.8028044208029,4.64681367184049e-20,*
61,8,QTSB,PPSB,7.25650812992835,0.789200614337147,137,9.19475732545283,5.47594699615672e-16,*
62,12,QTSB,PPSB,9.68749614949267,0.789200614337146,137,12.2750742631254,7.95664326036002e-24,*
63,16,QTSB,PPSB,7.16239445560613,0.789200614337147,137,9.07550542344909,1.0861037448513e-15,*
64,0,CPSB,AGSB,1.16914593191709e-14,0.789200614348683,137,1.48143059022067e-14,0.999999999999988,NS
65,1,CPSB,AGSB,-15.4626330226802,0.789200614348683,137,-19.5927787454161,1.46876010384202e-41,*
66,2,CPSB,AGSB,-49.5686533434006,0.789200614348683,137,-62.8086857032023,7.26362068311955e-103,*
67,3,CPSB,AGSB,-65.8681566551242,0.789200614348682,137,-83.461866929088,2.39352902343293e-119,*
68,4,CPSB,AGSB,-55.0476600170148,0.789200614348683,137,-69.7511621458188,6.47753635022877e-109,*
69,6,CPSB,AGSB,-14.7567823859221,0.789200614348683,137,-18.6983919140771,1.5689556529184e-39,*
70,8,CPSB,AGSB,-3.13652452462404,0.789200614348683,137,-3.97430573113856,0.000113660490099372,*
71,12,CPSB,AGSB,2.3430073086295,0.789200614348683,137,2.96883614385318,0.0035298521467106,*
72,16,CPSB,AGSB,4.5801561753416,0.789200614348683,137,5.80353853262209,4.30475687959993e-08,*
73,0,CPSB,CMSB,4.45376243077418e-15,0.789200614348683,137,5.64338439402992e-15,0.999999999999996,NS
74,1,CPSB,CMSB,-14.2493177310587,0.789200614348683,137,-18.0553809411546,4.79660536682768e-38,*
75,2,CPSB,CMSB,-49.317550783436,0.789200614348683,137,-62.4905124080994,1.42299981197353e-102,*
76,3,CPSB,CMSB,-65.9901278999142,0.789200614348683,137,-83.6164172963487,1.86667468852344e-119,*
77,4,CPSB,CMSB,-48.8345628670108,0.789200614348683,137,-61.8785160314572,5.23452170697267e-102,*
78,6,CPSB,CMSB,-13.3166415519324,0.789200614348683,137,-16.873582343727,2.93736517361579e-35,*
79,8,CPSB,CMSB,-1.80964102144897,0.789200614348683,137,-2.29300508457212,0.0233705488358451,*
80,12,CPSB,CMSB,8.86857473339237,0.789200614348683,137,11.2374148881162,3.59579124466255e-21,*
81,16,CPSB,CMSB,11.4664185610865,0.789200614348683,137,14.5291556451075,1.57883118389168e-29,*
82,0,CPSB,CVSB,1.50582865044872e-15,0.789200614348683,137,1.90804292732521e-15,0.999999999999998,NS
83,1,CPSB,CVSB,31.0115610562768,0.789200614348683,137,39.2949023257797,1.8338295560948e-76,*
84,2,CPSB,CVSB,23.4603733601832,0.789200614348683,137,29.7267550653705,1.31832770631562e-61,*
85,3,CPSB,CVSB,12.2755755695179,0.789200614348683,137,15.5544424907079,4.58876793833096e-32,*
86,4,CPSB,CVSB,3.95533988547141,0.789200614348683,137,5.011830722833,1.63644124338824e-06,*
87,6,CPSB,CVSB,-2.5671734101113,0.789200614348682,137,-3.25287811924723,0.00143864586207524,*
88,8,CPSB,CVSB,0.925840848888041,0.789200614348683,137,1.17313751669102,0.242776292910432,*
89,12,CPSB,CVSB,1.03505909903969,0.789200614348683,137,1.31152850139873,0.191872970995263,*
90,16,CPSB,CVSB,1.30420466718273,0.789200614348683,137,1.65256418136353,0.100709577908891,*
91,0,CPSB,MBSB,7.21952455241971e-14,0.789200614348683,137,9.14789525142208e-14,0.999999999999927,NS
92,1,CPSB,MBSB,0.885029460592996,0.789200614348683,137,1.12142520482374,0.264068687029867,*
93,2,CPSB,MBSB,-18.6286736116614,0.789200614348683,137,-23.6044844276197,4.0238131835763e-50,*
94,3,CPSB,MBSB,-23.9476498411547,0.789200614348683,137,-30.3441855033507,1.14028554675715e-62,*
95,4,CPSB,MBSB,-24.6556456746006,0.789200614348682,137,-31.241290524018,3.47395913394156e-64,*
96,6,CPSB,MBSB,-16.0412872223836,0.789200614348682,137,-20.3259943425441,3.44001663863516e-43,*
97,8,CPSB,MBSB,-10.63753063988,0.789200614348683,137,-13.4788676623864,6.88734831686297e-27,*
98,12,CPSB,MBSB,-8.01493066497655,0.789200614348683,137,-10.1557582688797,2.06947909365388e-18,*
99,16,CPSB,MBSB,-5.67211571999569,0.789200614348683,137,-7.18716586995668,3.87398491034064e-11,*
100,0,CPSB,MRSB,2.4677522552944e-15,0.789200614348683,137,3.12690108247192e-15,0.999999999999998,NS
101,1,CPSB,MRSB,-16.6607217425696,0.789200614348683,137,-21.1108828853605,6.66768856691934e-45,*
102,2,CPSB,MRSB,-42.3766118547486,0.789200614348682,137,-53.6956143777479,6.69029606726502e-94,*
103,3,CPSB,MRSB,-25.5214884762479,0.789200614348683,137,-32.3384042184388,5.37946558539908e-66,*
104,4,CPSB,MRSB,-15.9471623347735,0.789200614348683,137,-20.2067282321295,6.30596397451934e-43,*
105,6,CPSB,MRSB,-6.42903912206164,0.789200614348682,137,-8.14626725470487,2.08285332873939e-13,*
106,8,CPSB,MRSB,-4.42955947836084,0.789200614348683,137,-5.61271671337521,1.06427291765534e-07,*
107,12,CPSB,MRSB,-2.19227207706424,0.789200614348683,137,-2.77783878674941,0.00623989135640047,*
108,16,CPSB,MRSB,0.388266699565102,0.789200614348683,137,0.491974654486975,0.623524650138981,NS
109,0,CPSB,PPSB,1.24646670366614e-14,0.789200614348683,137,1.57940412235339e-14,0.999999999999987,NS
110,1,CPSB,PPSB,-19.0952256547713,0.789200614348683,137,-24.1956548279303,2.60363324921887e-51,*
111,2,CPSB,PPSB,-61.1176402506909,0.789200614348683,137,-77.4424641079765,5.5068741476469e-115,*
112,3,CPSB,PPSB,-70.5784326454804,0.789200614348682,137,-89.4302809225864,2.20348662808119e-123,*
113,4,CPSB,PPSB,-66.4078129473421,0.789200614348683,137,-84.1456680848476,7.99426991101847e-120,*
114,6,CPSB,PPSB,-19.6032791963369,0.789200614348682,137,-24.8394119821045,1.38421556989224e-52,*
115,8,CPSB,PPSB,-3.58989363975164,0.789200614348683,137,-4.54877197823057,1.176611533304e-05,*
116,12,CPSB,PPSB,-0.54265751660023,0.789200614348683,137,-0.687604022011663,0.492864636693328,*
117,16,CPSB,PPSB,-1.10422626769882,0.789200614348683,137,-1.39917056274737,0.164021849490965,*
118,0,CPSB,QTSB,2.22504180669134e-15,0.789200614348683,137,2.81936147316311e-15,0.999999999999998,NS
119,1,CPSB,QTSB,38.9010839982132,0.789200614348683,137,49.2917558488189,4.65533259663359e-89,*
120,2,CPSB,QTSB,20.2909269636363,0.789200614348683,137,25.7107338675632,2.81605840967507e-54,*
121,3,CPSB,QTSB,4.71781268844774,0.789200614348682,137,5.97796378090923,1.85478236928398e-08,*
122,4,CPSB,QTSB,-6.08614373350159,0.789200614348683,137,-7.71178281269384,2.28918967082551e-12,*
123,6,CPSB,QTSB,-11.0776993108751,0.789200614348682,137,-14.0366075614594,2.7017668477271e-28,*
124,8,CPSB,QTSB,-10.84640176968,0.789200614348683,137,-13.743529303549,1.4773019303465e-27,*
125,12,CPSB,QTSB,-10.2301536660929,0.789200614348683,137,-12.9626782849577,1.40457978314719e-25,*
126,16,CPSB,QTSB,-8.26662072330495,0.789200614348683,137,-10.4746759860638,3.19469824495289e-19,*
127,0,MRSB,AGSB,2.61143604067302e-15,0.789200614334575,137,3.30896351731162e-15,0.999999999999997,NS
128,1,MRSB,AGSB,1.19808871988945,0.789200614334575,137,1.5181041399716,0.131292427402409,*
129,2,MRSB,AGSB,-7.19204148865198,0.789200614334574,137,-9.11307132561732,8.7553877503499e-16,*
130,3,MRSB,AGSB,-40.3466681788763,0.789200614334575,137,-51.123462711563,4.05700739969144e-91,*
131,4,MRSB,AGSB,-39.1004976822413,0.789200614334575,137,-49.5444339145749,2.39758836267973e-89,*
132,6,MRSB,AGSB,-8.32774326386044,0.789200614334574,137,-10.5521246595609,2.02766408278646e-19,*
133,8,MRSB,AGSB,1.29303495373677,0.789200614334575,137,1.63841098226591,0.103630627488249,*
134,12,MRSB,AGSB,4.53527938569375,0.789200614334574,137,5.74667493070533,5.64757662271368e-08,*
135,16,MRSB,AGSB,4.1918894757765,0.789200614334575,137,5.31156387823006,4.28471358284579e-07,*
136,0,MRSB,CMSB,-3.02833308510991e-15,0.789200614334575,137,-3.83721582333446e-15,0.999999999999997,NS
137,1,MRSB,CMSB,2.41140401151091,0.789200614334575,137,3.05550194426054,0.00270125759374481,*
138,2,MRSB,CMSB,-6.94093892868743,0.789200614334574,137,-8.79489803050874,5.39654696653547e-15,*
139,3,MRSB,CMSB,-40.4686394236663,0.789200614334575,137,-51.2780130788266,2.73819455767904e-91,*
140,4,MRSB,CMSB,-32.8874005322374,0.789200614334575,137,-41.6717878000726,1.0889527345179e-79,*
141,6,MRSB,CMSB,-6.88760242987078,0.789200614334575,137,-8.72731508917813,7.92483989409122e-15,*
142,8,MRSB,CMSB,2.61991845691184,0.789200614334575,137,3.3197116288624,0.00115480485043686,*
143,12,MRSB,CMSB,11.0608468104566,0.789200614334574,137,14.0152536751162,3.05710616773026e-28,*
144,16,MRSB,CMSB,11.0781518615214,0.789200614334575,137,14.0371809908715,2.69281826258875e-28,*
145,0,MRSB,CPSB,-6.1331051651149e-15,0.789200614334574,137,-7.77128787499249e-15,0.999999999999994,NS
146,1,MRSB,CPSB,16.6607217425696,0.789200614334575,137,21.1108828857379,6.66768855440066e-45,*
147,2,MRSB,CPSB,42.3766118547486,0.789200614334575,137,53.6956143787078,6.69029605161777e-94,*
148,3,MRSB,CPSB,25.521488476248,0.789200614334575,137,32.3384042190169,5.37946557373885e-66,*
149,4,MRSB,CPSB,15.9471623347735,0.789200614334575,137,20.2067282324907,6.30596396292761e-43,*
150,6,MRSB,CPSB,6.42903912206166,0.789200614334574,137,8.14626725485052,2.08285332705044e-13,*
151,8,MRSB,CPSB,4.42955947836084,0.789200614334575,137,5.61271671347555,1.06427291715359e-07,*
152,12,MRSB,CPSB,2.19227207706423,0.789200614334574,137,2.77783878679907,0.00623989135549864,*
153,16,MRSB,CPSB,-0.38826669956511,0.789200614334575,137,-0.491974654495781,0.623524650132772,NS
154,0,MRSB,CVSB,3.34440104490544e-15,0.789200614334574,137,4.23770709773879e-15,0.999999999999997,NS
155,1,MRSB,CVSB,47.6722827988465,0.789200614334575,137,60.4057852122201,1.26406571811556e-100,*
156,2,MRSB,CVSB,65.8369852149318,0.789200614334575,137,83.4223694446097,2.55072001396447e-119,*
157,3,MRSB,CVSB,37.7970640457659,0.789200614334575,137,47.8928467100029,1.9393474046215e-87,*
158,4,MRSB,CVSB,19.9025022202449,0.789200614334575,137,25.2185589554133,2.51464998663911e-53,*
159,6,MRSB,CVSB,3.86186571195035,0.789200614334575,137,4.89338913554513,2.74202217798822e-06,*
160,8,MRSB,CVSB,5.35540032724886,0.789200614334574,137,6.78585423018752,3.18640716807005e-10,*
161,12,MRSB,CVSB,3.22733117610392,0.789200614334574,137,4.08936728822125,7.3386001618428e-05,*
162,16,MRSB,CVSB,0.915937967617618,0.789200614334575,137,1.16058952689729,0.247827249171697,*
163,0,MRSB,MBSB,8.67653209886862e-14,0.789200614334575,137,1.09940767167095e-13,0.999999999999913,NS
164,1,MRSB,MBSB,17.5457512031628,0.789200614334575,137,22.232308090582,2.7252801028386e-47,*
165,2,MRSB,MBSB,23.7479382430872,0.789200614334575,137,30.0911299506661,3.09557144194468e-62,*
166,3,MRSB,MBSB,1.5738386350932,0.789200614334575,137,1.99421871512378,0.0481130577687849,*
167,4,MRSB,MBSB,-8.70848333982713,0.789200614334575,137,-11.0345622920857,1.18784190224431e-20,*
168,6,MRSB,MBSB,-9.612248100322,0.789200614334575,137,-12.1797270880569,1.39448168322675e-23,*
169,8,MRSB,MBSB,-6.20797116151918,0.789200614334575,137,-7.8661509491519,9.81900599098449e-13,*
170,12,MRSB,MBSB,-5.82265858791229,0.789200614334575,137,-7.37791948226212,1.39772375421076e-11,*
171,16,MRSB,MBSB,-6.06038241956083,0.789200614334575,137,-7.67914052458097,2.73577135840514e-12,*
172,0,MRSB,PPSB,2.33712424501633e-15,0.789200614334574,137,2.96138168491786e-15,0.999999999999998,NS
173,1,MRSB,PPSB,-2.43450391220164,0.789200614334575,137,-3.08477194262491,0.00246477249910328,*
174,2,MRSB,PPSB,-18.7410283959423,0.789200614334575,137,-23.7468497306532,2.07314586133042e-50,*
175,3,MRSB,PPSB,-45.0569441692325,0.789200614334575,137,-57.0918767051681,2.14508076590674e-97,*
176,4,MRSB,PPSB,-50.4606506125686,0.789200614334575,137,-63.938939853861,6.8351064982167e-104,*
177,6,MRSB,PPSB,-13.1742400742752,0.789200614334574,137,-16.693144727698,7.93977802008047e-35,*
178,8,MRSB,PPSB,0.839665838609195,0.789200614334575,137,1.06394473516366,0.289225414256124,*
179,12,MRSB,PPSB,1.64961456046402,0.789200614334575,137,2.09023476477513,0.0384447941843687,*
180,16,MRSB,PPSB,-1.49249296726393,0.789200614334575,137,-1.89114521726817,0.0607162402429582,*
181,0,MRSB,QTSB,1.32798863668918e-14,0.789200614334574,137,1.68270096673568e-14,0.999999999999987,NS
182,1,MRSB,QTSB,55.5618057407828,0.789200614334575,137,70.402638735438,1.87576697536933e-109,*
183,2,MRSB,QTSB,62.6675388183849,0.789200614334575,137,79.4063482467305,1.9192273662847e-116,*
184,3,MRSB,QTSB,30.2393011646957,0.789200614334575,137,38.316368000033,4.36031324337287e-75,*
185,4,MRSB,QTSB,9.86101860127186,0.789200614334575,137,12.494945419659,2.18399567011406e-24,*
186,6,MRSB,QTSB,-4.64866018881349,0.789200614334574,137,-5.89034030685984,2.83609359008349e-08,*
187,8,MRSB,QTSB,-6.41684229131917,0.789200614334574,137,-8.13081259031915,2.26993787754878e-13,*
188,12,MRSB,QTSB,-8.03788158902867,0.789200614334575,137,-10.1848394983903,1.74576494977315e-18,*
189,16,MRSB,QTSB,-8.65488742287005,0.789200614334575,137,-10.9666506407468,1.77180325710428e-20,*
190,0,CVSB,AGSB,1.70352967209539e-14,0.789200614392536,137,2.15855086910522e-14,0.999999999999983,NS
191,1,CVSB,AGSB,-46.474194078957,0.789200614392536,137,-58.8876810679236,3.63424757166204e-99,*
192,2,CVSB,AGSB,-73.0290267035838,0.789200614392536,137,-92.5354407634309,2.21376395937332e-125,*
193,3,CVSB,AGSB,-78.1437322246422,0.789200614392536,137,-99.0163094142938,2.37940769290465e-129,*
194,4,CVSB,AGSB,-59.0029999024862,0.789200614392536,137,-74.7629928644974,6.13601716715531e-113,*
195,6,CVSB,AGSB,-12.1896089758108,0.789200614392536,137,-15.4455137939716,8.49310553226392e-32,*
196,8,CVSB,AGSB,-4.06236537351208,0.789200614392536,137,-5.14744324754355,8.97736137863389e-07,*
197,12,CVSB,AGSB,1.30794820958983,0.789200614392536,137,1.65730764236238,0.099745557303347,*
198,16,CVSB,AGSB,3.27595150815888,0.789200614392536,137,4.15097435102791,5.78562897876999e-05,*
199,0,CVSB,CMSB,2.80754797270208e-14,0.789200614392536,137,3.55745791564431e-14,0.999999999999972,NS
200,1,CVSB,CMSB,-45.2608787873355,0.789200614392536,137,-57.3502832637476,1.18431195681298e-97,*
201,2,CVSB,CMSB,-72.7779241436193,0.789200614392536,137,-92.2172674683457,3.52247363687304e-125,*
202,3,CVSB,CMSB,-78.2657034694322,0.789200614392536,137,-99.1708597815461,1.92726080051905e-129,*
203,4,CVSB,CMSB,-52.7899027524823,0.789200614392536,137,-66.8903467505733,1.70835846607579e-106,*
204,6,CVSB,CMSB,-10.7494681418211,0.789200614392536,137,-13.6207042237229,3.01639567763389e-27,*
205,8,CVSB,CMSB,-2.735481870337,0.789200614392536,137,-3.46614260107053,0.000705537155148221,*
206,12,CVSB,CMSB,7.8335156343527,0.789200614392536,137,9.92588638616598,7.92210339540012e-18,*
207,16,CVSB,CMSB,10.1622138939038,0.789200614392536,137,12.8765914630285,2.32571577180137e-25,*
208,0,CVSB,CPSB,1.10564605214655e-14,0.789200614392536,137,1.40096957856222e-14,0.999999999999989,NS
209,1,CVSB,CPSB,-31.0115610562768,0.789200614392536,137,-39.2949023235962,1.83382956892557e-76,*
210,2,CVSB,CPSB,-23.4603733601832,0.789200614392536,137,-29.7267550637187,1.31832771501427e-61,*
211,3,CVSB,CPSB,-12.2755755695179,0.789200614392536,137,-15.5544424898435,4.58876796072473e-32,*
212,4,CVSB,CPSB,-3.9553398854714,0.789200614392536,137,-5.0118307225545,1.63644124538925e-06,*
213,6,CVSB,CPSB,2.56717341011133,0.789200614392536,137,3.25287811906651,0.0014386458629239,*
214,8,CVSB,CPSB,-0.925840848888028,0.789200614392536,137,-1.17313751662582,0.242776292936487,*
215,12,CVSB,CPSB,-1.03505909903968,0.789200614392536,137,-1.31152850132585,0.191872971019803,*
216,16,CVSB,CPSB,-1.30420466718271,0.789200614392536,137,-1.65256418127168,0.100709577927631,*
217,0,CVSB,MBSB,6.45558496620455e-14,0.789200614392536,137,8.1799036245981e-14,0.999999999999935,NS
218,1,CVSB,MBSB,-30.1265315956835,0.789200614392535,137,-38.1734771188344,6.96489378919942e-75,*
219,2,CVSB,MBSB,-42.0890469718445,0.789200614392536,137,-53.3312394900267,1.63008163434484e-93,*
220,3,CVSB,MBSB,-36.2232254106727,0.789200614392536,137,-45.8986279915082,4.68541226084009e-85,*
221,4,CVSB,MBSB,-28.6109855600721,0.789200614392536,137,-36.2531212448365,4.35726791059836e-72,*
222,6,CVSB,MBSB,-13.4741138122723,0.789200614392536,137,-17.0731162223482,9.82472631746019e-36,*
223,8,CVSB,MBSB,-11.563371488768,0.789200614392536,137,-14.6520051782633,7.80063852695768e-30,*
224,12,CVSB,MBSB,-9.04998976401616,0.789200614392536,137,-11.4672867696411,9.27733525837835e-22,*
225,16,CVSB,MBSB,-6.97632038717843,0.789200614392536,137,-8.83973005082903,4.18058308289815e-15,*
226,0,CVSB,MRSB,1.36351992903858e-14,0.789200614392536,137,1.72772284280101e-14,0.999999999999986,NS
227,1,CVSB,MRSB,-47.6722827988465,0.789200614392536,137,-60.4057852077837,1.26406573037738e-100,*
228,2,CVSB,MRSB,-65.8369852149318,0.789200614392536,137,-83.4223694384829,2.55072003913728e-119,*
229,3,CVSB,MRSB,-37.7970640457659,0.789200614392536,137,-47.8928467064854,1.93934742304292e-87,*
230,4,CVSB,MRSB,-19.9025022202449,0.789200614392536,137,-25.2185589535612,2.51465000748903e-53,*
231,6,CVSB,MRSB,-3.86186571195031,0.789200614392536,137,-4.8933891351857,2.74202218225092e-06,*
232,8,CVSB,MRSB,-5.35540032724885,0.789200614392536,137,-6.78585422968913,3.18640717630156e-10,*
233,12,CVSB,MRSB,-3.22733117610391,0.789200614392536,137,-4.0893672879209,7.33860017030573e-05,*
234,16,CVSB,MRSB,-0.915937967617622,0.789200614392536,137,-1.16058952681206,0.247827249206257,*
235,0,CVSB,PPSB,2.05230240694651e-16,0.789200614392536,137,2.60048252563286e-16,1,NS
236,1,CVSB,PPSB,-50.1067867110481,0.789200614392536,137,-63.4905571501821,1.7373459005203e-103,*
237,2,CVSB,PPSB,-84.5780136108741,0.789200614392536,137,-107.169219167392,5.34965548175132e-134,*
238,3,CVSB,PPSB,-82.8540082149984,0.789200614392536,137,-104.984723407461,8.68985226666405e-133,*
239,4,CVSB,PPSB,-70.3631528328134,0.789200614392536,137,-89.1574988027264,3.32523739759462e-123,*
240,6,CVSB,PPSB,-17.0361057862255,0.789200614392536,137,-21.5865338616577,6.34640581758328e-46,*
241,8,CVSB,PPSB,-4.51573448863967,0.789200614392536,137,-5.72190949460363,6.35350530620539e-08,*
242,12,CVSB,PPSB,-1.5777166156399,0.789200614392536,137,-1.99913252329929,0.0475723143368718,*
243,16,CVSB,PPSB,-2.40843093488154,0.789200614392536,137,-3.05173474394132,0.00273317249871653,*
244,0,CVSB,QTSB,1.76961737145914e-14,0.789200614392536,137,2.24229091968111e-14,0.999999999999982,NS
245,1,CVSB,QTSB,7.88952294193629,0.789200614392536,137,9.99685352248367,5.23663915514443e-18,*
246,2,CVSB,QTSB,-3.16944639654691,0.789200614392536,137,-4.01602119758422,9.70869158262444e-05,*
247,3,CVSB,QTSB,-7.55776288107017,0.789200614392536,137,-9.5764787092665,6.04137836352796e-17,*
248,4,CVSB,QTSB,-10.041483618973,0.789200614392536,137,-12.7236135348198,5.70324659686763e-25,*
249,6,CVSB,QTSB,-8.51052590076381,0.789200614392536,137,-10.7837294416129,5.19852933187416e-20,*
250,8,CVSB,QTSB,-11.772242618568,0.789200614392536,137,-14.9166668194111,1.71583463033168e-30,*
251,12,CVSB,QTSB,-11.2652127651326,0.789200614392536,137,-14.2742067855632,6.84889882569676e-29,*
252,16,CVSB,QTSB,-9.57082539048767,0.789200614392536,137,-12.1272401667535,1.89932660292932e-23,*
253,0,PPSB,AGSB,7.35154555385103e-15,0.789200614335307,137,9.31517971516377e-15,0.999999999999993,NS
254,1,PPSB,AGSB,3.63259263209109,0.789200614335307,137,4.60287608259225,9.40400547563889e-06,*
255,2,PPSB,AGSB,11.5489869072903,0.789200614335307,137,14.6337784050222,8.66012053070043e-30,*
256,3,PPSB,AGSB,4.71027599035622,0.789200614335307,137,5.96841399359957,1.94296286215526e-08,*
257,4,PPSB,AGSB,11.3601529303273,0.789200614335307,137,14.3945059392728,3.42463041691316e-29,*
258,6,PPSB,AGSB,4.8464968104148,0.789200614335307,137,6.14102006813146,8.34140033987256e-09,*
259,8,PPSB,AGSB,0.453369115127593,0.789200614335307,137,0.574466247101742,0.566594416296204,NS
260,12,PPSB,AGSB,2.88566482522973,0.789200614335307,137,3.65644016592681,0.000363579239022298,*
261,16,PPSB,AGSB,5.68438244304042,0.789200614335307,137,7.20270909549153,3.56665250931118e-11,*
262,0,PPSB,CMSB,-9.17866447181771e-15,0.789200614335307,137,-1.16303311288579e-14,0.999999999999991,NS
263,1,PPSB,CMSB,4.84590792371253,0.789200614335307,137,6.14027388687974,8.37217594469772e-09,*
264,2,PPSB,CMSB,11.8000894672548,0.789200614335307,137,14.9519517001305,1.40284734650155e-30,*
265,3,PPSB,CMSB,4.5883047455662,0.789200614335307,137,5.81386362633616,4.09703071532981e-08,*
266,4,PPSB,CMSB,17.5732500803312,0.789200614335307,137,22.2671520537678,2.30295868610023e-47,*
267,6,PPSB,CMSB,6.28663764440446,0.789200614335307,137,7.9658296385125,5.66686720690927e-13,*
268,8,PPSB,CMSB,1.78025261830269,0.789200614335307,137,2.25576689369671,0.0256699177227106,*
269,12,PPSB,CMSB,9.41123224999259,0.789200614335307,137,11.92501891033,6.24936417817781e-23,*
270,16,PPSB,CMSB,12.5706448287853,0.789200614335307,137,15.9283262081248,5.59857796561184e-33,*
271,0,PPSB,CPSB,5.82098569712894e-15,0.789200614335307,137,7.37579975407341e-15,0.999999999999994,NS
272,1,PPSB,CPSB,19.0952256547712,0.789200614335306,137,24.1956548283403,2.60363324431198e-51,*
273,2,PPSB,CPSB,61.1176402506909,0.789200614335307,137,77.4424641092891,5.50687413514276e-115,*
274,3,PPSB,CPSB,70.5784326454805,0.789200614335307,137,89.4302809241021,2.20348662305013e-123,*
275,4,PPSB,CPSB,66.4078129473421,0.789200614335307,137,84.1456680862738,7.9942698928059e-120,*
276,6,PPSB,CPSB,19.6032791963369,0.789200614335307,137,24.8394119825255,1.38421556725778e-52,*
277,8,PPSB,CPSB,3.58989363975166,0.789200614335307,137,4.54877197830769,1.17661153292965e-05,*
278,12,PPSB,CPSB,0.54265751660022,0.789200614335307,137,0.687604022023304,0.492864636686019,*
279,16,PPSB,CPSB,1.10422626769883,0.789200614335307,137,1.3991705627711,0.164021849483864,*
280,0,PPSB,CVSB,4.65542495768424e-16,0.789200614335307,137,5.89891197893353e-16,1,NS
281,1,PPSB,CVSB,50.1067867110481,0.789200614335307,137,63.4905571547861,1.73734588382363e-103,*
282,2,PPSB,CVSB,84.5780136108741,0.789200614335307,137,107.169219175163,5.34965542922666e-134,*
283,3,PPSB,CVSB,82.8540082149983,0.789200614335307,137,104.984723415074,8.68985218138692e-133,*
284,4,PPSB,CVSB,70.3631528328135,0.789200614335307,137,89.1574988091918,3.32523736511468e-123,*
285,6,PPSB,CVSB,17.0361057862256,0.789200614335307,137,21.5865338632231,6.34640576875584e-46,*
286,8,PPSB,CVSB,4.51573448863968,0.789200614335307,137,5.72190949501857,6.35350529368251e-08,*
287,12,PPSB,CVSB,1.5777166156399,0.789200614335307,137,1.99913252344425,0.0475723143209961,*
288,16,PPSB,CVSB,2.40843093488154,0.789200614335307,137,3.05173474416262,0.0027331724968316,*
289,0,PPSB,MBSB,1.90139240015982e-13,0.789200614335307,137,2.40926371016733e-13,0.999999999999808,NS
290,1,PPSB,MBSB,19.9802551153645,0.789200614335307,137,25.3170800331834,1.61875158182054e-53,*
291,2,PPSB,MBSB,42.4889666390295,0.789200614335307,137,53.8379796812694,4.73130270759902e-94,*
292,3,PPSB,MBSB,46.6307828043257,0.789200614335307,137,59.0860954202371,2.33241968473107e-99,*
293,4,PPSB,MBSB,41.7521672727415,0.789200614335307,137,52.9043775617264,4.65978669979433e-93,*
294,6,PPSB,MBSB,3.56199197395322,0.789200614335307,137,4.51341763963685,1.36087074178013e-05,*
295,8,PPSB,MBSB,-7.04763700012835,0.789200614335307,137,-8.93009568430725,2.49642997166587e-15,*
296,12,PPSB,MBSB,-7.47227314837625,0.789200614335307,137,-9.4681542470284,1.13127409226015e-16,*
297,16,PPSB,MBSB,-4.5678894522969,0.789200614335307,137,-5.78799530730744,4.63706803830228e-08,*
298,0,PPSB,MRSB,5.01661404282042e-15,0.789200614335307,137,6.35657645432219e-15,0.999999999999995,NS
299,1,PPSB,MRSB,2.43450391220165,0.789200614335307,137,3.08477194262206,0.00246477249912536,*
300,2,PPSB,MRSB,18.7410283959423,0.789200614335307,137,23.7468497306311,2.07314586154329e-50,*
301,3,PPSB,MRSB,45.0569441692325,0.789200614335307,137,57.0918767051152,2.14508076616818e-97,*
302,4,PPSB,MRSB,50.4606506125686,0.789200614335307,137,63.9389398538018,6.83510649905593e-104,*
303,6,PPSB,MRSB,13.1742400742752,0.789200614335307,137,16.6931447276825,7.93977802075791e-35,*
304,8,PPSB,MRSB,-0.839665838609182,0.789200614335307,137,-1.06394473516265,0.289225414256576,*
305,12,PPSB,MRSB,-1.64961456046401,0.789200614335307,137,-2.09023476477318,0.0384447941845464,*
306,16,PPSB,MRSB,1.49249296726392,0.789200614335307,137,1.8911452172664,0.0607162402431965,*
307,0,PPSB,QTSB,1.63369587634298e-15,0.789200614335306,137,2.07006412142613e-15,0.999999999999998,NS
308,1,PPSB,QTSB,57.9963096529844,0.789200614335306,137,73.4874106779947,6.12428677283005e-112,*
309,2,PPSB,QTSB,81.4085672143272,0.789200614335307,137,103.153197977288,9.40094870732117e-132,*
310,3,PPSB,QTSB,75.2962453339282,0.789200614335307,137,95.4082447051127,3.57826116851688e-127,*
311,4,PPSB,QTSB,60.3216692138405,0.789200614335307,137,76.4338852734492,3.18683563944219e-114,*
312,6,PPSB,QTSB,8.52557988546173,0.789200614335307,137,10.8028044208281,4.64681367115198e-20,*
313,8,PPSB,QTSB,-7.25650812992835,0.789200614335307,137,-9.19475732547427,5.4759469954817e-16,*
314,12,PPSB,QTSB,-9.68749614949268,0.789200614335307,137,-12.275074263154,7.95664325901961e-24,*
315,16,PPSB,QTSB,-7.16239445560613,0.789200614335307,137,-9.07550542347026,1.08610374471943e-15,*
316,0,AGSB,CMSB,1.56114441249429e-14,0.789200614360522,137,1.97813380284715e-14,0.999999999999984,NS
317,1,AGSB,CMSB,1.2133152916215,0.789200614360522,137,1.53739780423844,0.126502320722528,*
318,2,AGSB,CMSB,0.251102559964573,0.789200614360522,137,0.318173295098152,0.750837981854207,NS
319,3,AGSB,CMSB,-0.121971244790057,0.789200614360522,137,-0.154550367258505,0.877403251812661,NS
320,4,AGSB,CMSB,6.2130971500039,0.789200614360522,137,7.87264611424343,9.47422239954186e-13,*
321,6,AGSB,CMSB,1.44014083398966,0.789200614360522,137,1.82480957032273,0.0702083004979146,*
322,8,AGSB,CMSB,1.32688350317509,0.789200614360522,137,1.68130064654124,0.0949828660036063,*
323,12,AGSB,CMSB,6.52556742476287,0.789200614360522,137,8.26857874413901,1.05252689308309e-13,*
324,16,AGSB,CMSB,6.88626238574486,0.789200614360522,137,8.72561711235451,8.00163643514479e-15,*
325,0,AGSB,CPSB,2.55961541272999e-15,0.789200614360522,137,3.24330134335237e-15,0.999999999999997,NS
326,1,AGSB,CPSB,15.4626330226802,0.789200614360522,137,19.5927787451222,1.46876010607206e-41,*
327,2,AGSB,CPSB,49.5686533434006,0.789200614360522,137,62.8086857022601,7.26362069755011e-103,*
328,3,AGSB,CPSB,65.8681566551242,0.789200614360522,137,83.4618669278359,2.39352902825817e-119,*
329,4,AGSB,CPSB,55.0476600170147,0.789200614360522,137,69.7511621447724,6.47753636318007e-109,*
330,6,AGSB,CPSB,14.7567823859221,0.789200614360522,137,18.6983919137966,1.56895565524156e-39,*
331,8,AGSB,CPSB,3.13652452462405,0.789200614360522,137,3.97430573107895,0.000113660490124878,*
332,12,AGSB,CPSB,-2.34300730862951,0.789200614360522,137,-2.96883614380865,0.00352985214719071,*
333,16,AGSB,CPSB,-4.58015617534157,0.789200614360522,137,-5.80353853253499,4.30475688139508e-08,*
334,0,AGSB,CVSB,-8.41395049310252e-16,0.789200614360522,137,-1.06613582655662e-15,0.999999999999999,NS
335,1,AGSB,CVSB,46.4741940789571,0.789200614360522,137,58.8876810703124,3.63424755222697e-99,*
336,2,AGSB,CVSB,73.0290267035839,0.789200614360522,137,92.5354407671847,2.21376394726241e-125,*
337,3,AGSB,CVSB,78.1437322246422,0.789200614360522,137,99.0163094183104,2.37940767986232e-129,*
338,4,AGSB,CVSB,59.0029999024862,0.789200614360522,137,74.7629928675302,6.13601713386472e-113,*
339,6,AGSB,CVSB,12.1896089758108,0.789200614360522,137,15.4455137945981,8.4931055021584e-32,*
340,8,AGSB,CVSB,4.06236537351208,0.789200614360522,137,5.14744324775235,8.97736137026688e-07,*
341,12,AGSB,CVSB,-1.30794820958982,0.789200614360523,137,-1.65730764242959,0.0997455572897403,*
342,16,AGSB,CVSB,-3.27595150815887,0.789200614360522,137,-4.15097435119627,5.7856289749913e-05,*
343,0,AGSB,MBSB,1.78136946123689e-14,0.789200614360522,137,2.25718205082785e-14,0.999999999999982,NS
344,1,AGSB,MBSB,16.3476624832732,0.789200614360522,137,20.714203949929,4.84491581465979e-44,*
345,2,AGSB,MBSB,30.9399797317392,0.789200614360522,137,39.2042012749945,2.45303918466836e-76,*
346,3,AGSB,MBSB,41.9205068139694,0.789200614360522,137,53.1176814249404,2.75427575642273e-93,*
347,4,AGSB,MBSB,30.3920143424142,0.789200614360522,137,38.5098716212232,2.31781483645362e-75,*
348,6,AGSB,MBSB,-1.2845048364616,0.789200614360522,137,-1.62760242844263,0.105906915854932,*
349,8,AGSB,MBSB,-7.50100611525602,0.789200614360522,137,-9.50456193110541,9.16362641410081e-17,*
350,12,AGSB,MBSB,-10.357937973606,0.789200614360522,137,-13.1245944125359,5.44595085369339e-26,*
351,16,AGSB,MBSB,-10.2522718953373,0.789200614360522,137,-12.9907044023839,1.19201391441724e-25,*
352,0,AGSB,MRSB,1.80432694959535e-14,0.789200614360522,137,2.286271597821e-14,0.999999999999982,NS
353,1,AGSB,MRSB,-1.19808871988941,0.789200614360522,137,-1.51810413992164,0.131292427414995,*
354,2,AGSB,MRSB,7.19204148865202,0.789200614360522,137,9.11307132531774,8.75538776540438e-16,*
355,3,AGSB,MRSB,40.3466681788763,0.789200614360522,137,51.1234627098822,4.05700741706127e-91,*
356,4,AGSB,MRSB,39.1004976822413,0.789200614360522,137,49.544433912946,2.39758837291239e-89,*
357,6,AGSB,MRSB,8.32774326386047,0.789200614360522,137,10.5521246592139,2.02766408691671e-19,*
358,8,AGSB,MRSB,-1.29303495373678,0.789200614360522,137,-1.63841098221205,0.103630627499492,*
359,12,AGSB,MRSB,-4.53527938569374,0.789200614360523,137,-5.74667493051638,5.64757662779484e-08,*
360,16,AGSB,MRSB,-4.19188947577648,0.789200614360522,137,-5.3115638780554,4.28471358625018e-07,*
361,0,AGSB,PPSB,1.3505472623482e-14,0.789200614360522,137,1.71128511277519e-14,0.999999999999986,NS
362,1,AGSB,PPSB,-3.63259263209108,0.789200614360522,137,-4.60287608244516,9.40400548139001e-06,*
363,2,AGSB,PPSB,-11.5489869072903,0.789200614360522,137,-14.6337784045547,8.66012055392132e-30,*
364,3,AGSB,PPSB,-4.71027599035625,0.789200614360522,137,-5.96841399340891,1.94296286395614e-08,*
365,4,AGSB,PPSB,-11.3601529303273,0.789200614360522,137,-14.3945059388129,3.42463042597963e-29,*
366,6,AGSB,PPSB,-4.84649681041477,0.789200614360522,137,-6.14102006793522,8.34140034795175e-09,*
367,8,AGSB,PPSB,-0.453369115127586,0.789200614360522,137,-0.574466247083379,0.566594416308592,NS
368,12,AGSB,PPSB,-2.88566482522973,0.789200614360523,137,-3.65644016580999,0.00036357923917309,*
369,16,AGSB,PPSB,-5.68438244304042,0.789200614360522,137,-7.2027090952614,3.56665251367796e-11,*
370,0,AGSB,QTSB,-3.70137944082109e-15,0.789200614360522,137,-4.69003618784593e-15,0.999999999999996,NS
371,1,AGSB,QTSB,54.3637170208934,0.789200614360523,137,68.8845345932016,3.42615501452008e-108,*
372,2,AGSB,QTSB,69.8595803070369,0.789200614360522,137,88.5194195694375,8.74842760432301e-123,*
373,3,AGSB,QTSB,70.585969343572,0.789200614360522,137,89.4398307086554,2.17201820152899e-123,*
374,4,AGSB,QTSB,48.9615162835131,0.789200614360522,137,62.0393793321942,3.71267228566459e-102,*
375,6,AGSB,QTSB,3.67908307504694,0.789200614360522,137,4.66178435254773,7.35352610736845e-06,*
376,8,AGSB,QTSB,-7.70987724505594,0.789200614360522,137,-9.76922357226386,1.97269135559359e-17,*
377,12,AGSB,QTSB,-12.5731609747224,0.789200614360523,137,-15.9315144285718,5.49939368937408e-33,*
378,16,AGSB,QTSB,-12.8467768986465,0.789200614360522,137,-16.2782145184417,7.92531406990893e-34,*
379,0,MBSB,AGSB,2.83267801176299e-14,0.789200614334767,137,3.58930031263434e-14,0.999999999999971,NS
380,1,MBSB,AGSB,-16.3476624832735,0.789200614334767,137,-20.7142039506054,4.84491579819397e-44,*
381,2,MBSB,AGSB,-30.9399797317393,0.789200614334767,137,-39.204201276274,2.45303917459197e-76,*
382,3,MBSB,AGSB,-41.9205068139695,0.789200614334767,137,-53.1176814266739,2.75427574467457e-93,*
383,4,MBSB,AGSB,-30.3920143424141,0.789200614334767,137,-38.5098716224798,2.31781482696167e-75,*
384,6,MBSB,AGSB,1.28450483646161,0.789200614334767,137,1.62760242849576,0.105906915843644,*
385,8,MBSB,AGSB,7.50100611525595,0.789200614334767,137,9.50456193141549,9.16362639765165e-17,*
386,12,MBSB,AGSB,10.357937973606,0.789200614334767,137,13.1245944129642,5.44595084005538e-26,*
387,16,MBSB,AGSB,10.2522718953373,0.789200614334767,137,12.9907044028078,1.19201391145914e-25,*
388,0,MBSB,CMSB,9.46211921943349e-15,0.789200614334767,137,1.1989498040887e-14,0.99999999999999,NS
389,1,MBSB,CMSB,-15.134347191652,0.789200614334767,137,-19.1768061463169,1.27358925251055e-40,*
390,2,MBSB,CMSB,-30.6888771717748,0.789200614334767,137,-38.8860279811655,6.83690461635539e-76,*
391,3,MBSB,CMSB,-42.0424780587595,0.789200614334767,137,-53.2722317939374,1.88394706265636e-93,*
392,4,MBSB,CMSB,-24.1789171924102,0.789200614334767,137,-30.6372255079795,3.61493911130546e-63,*
393,6,MBSB,CMSB,2.72464567045128,0.789200614334767,137,3.45241199887805,0.000739379020136795,*
394,8,MBSB,CMSB,8.82788961843104,0.789200614334767,137,11.1858625780116,4.87205207511843e-21,*
395,12,MBSB,CMSB,16.8835053983688,0.789200614334767,137,21.393173157373,1.64542053137637e-45,*
396,16,MBSB,CMSB,17.1385342810821,0.789200614334767,137,21.716321515447,3.35699985213561e-46,*
397,0,MBSB,CPSB,1.73533334327349e-14,0.789200614334767,137,2.19884945824103e-14,0.999999999999982,NS
398,1,MBSB,CPSB,-0.885029460593308,0.789200614334767,137,-1.12142520484391,0.264068687021316,*
399,2,MBSB,CPSB,18.6286736116613,0.789200614334768,137,23.6044844280358,4.02381317576209e-50,*
400,3,MBSB,CPSB,23.9476498411548,0.789200614334767,137,30.3441855038858,1.1402855443566e-62,*
401,4,MBSB,CPSB,24.6556456746006,0.789200614334767,137,31.2412905245688,3.47395912657566e-64,*
402,6,MBSB,CPSB,16.0412872223837,0.789200614334767,137,20.3259943429026,3.44001663237834e-43,*
403,8,MBSB,CPSB,10.63753063988,0.789200614334767,137,13.4788676626242,6.88734830732417e-27,*
404,12,MBSB,CPSB,8.01493066497647,0.789200614334767,137,10.1557582690586,2.06947909148785e-18,*
405,16,MBSB,CPSB,5.67211571999567,0.789200614334767,137,7.18716587008338,3.87398490773165e-11,*
406,0,MBSB,CVSB,1.02997587910454e-14,0.789200614334767,137,1.30508752831209e-14,0.99999999999999,NS
407,1,MBSB,CVSB,30.1265315956835,0.789200614334767,137,38.1734771216287,6.96489372531152e-75,*
408,2,MBSB,CVSB,42.0890469718445,0.789200614334768,137,53.3312394939304,1.63008161874393e-93,*
409,3,MBSB,CVSB,36.2232254106727,0.789200614334768,137,45.8986279948679,4.6854122167023e-85,*
410,4,MBSB,CVSB,28.6109855600721,0.789200614334767,137,36.2531212474902,4.35726787099756e-72,*
411,6,MBSB,CVSB,13.4741138122724,0.789200614334767,137,17.073116223598,9.82472625020691e-36,*
412,8,MBSB,CVSB,11.563371488768,0.789200614334767,137,14.6520051793358,7.8006384789849e-30,*
413,12,MBSB,CVSB,9.04998976401615,0.789200614334767,137,11.4672867704805,9.2773352124775e-22,*
414,16,MBSB,CVSB,6.97632038717839,0.789200614334767,137,8.83973005147603,4.18058306748469e-15,*
415,0,MBSB,MRSB,9.748555807621e-15,0.789200614334767,137,1.23524432578379e-14,0.99999999999999,NS
416,1,MBSB,MRSB,-17.5457512031629,0.789200614334767,137,-22.2323080905767,2.72528010290818e-47,*
417,2,MBSB,MRSB,-23.7479382430873,0.789200614334768,137,-30.0911299506588,3.09557144203407e-62,*
418,3,MBSB,MRSB,-1.57383863509314,0.789200614334768,137,-1.99421871512322,0.0481130577688473,*
419,4,MBSB,MRSB,8.7084833398272,0.789200614334767,137,11.034562292083,1.18784190226256e-20,*
420,6,MBSB,MRSB,9.61224810032207,0.789200614334768,137,12.1797270880541,1.3944816832504e-23,*
421,8,MBSB,MRSB,6.20797116151916,0.789200614334767,137,7.86615094914996,9.81900599108917e-13,*
422,12,MBSB,MRSB,5.82265858791223,0.789200614334767,137,7.37791948226024,1.3977237542249e-11,*
423,16,MBSB,MRSB,6.06038241956077,0.789200614334768,137,7.67914052457902,2.73577135843426e-12,*
424,0,MBSB,PPSB,2.39452864925464e-14,0.789200614334767,137,3.03411908931804e-14,0.999999999999976,NS
425,1,MBSB,PPSB,-19.9802551153646,0.789200614334767,137,-25.3170800332009,1.61875158169426e-53,*
426,2,MBSB,PPSB,-42.4889666390296,0.789200614334768,137,-53.8379796813062,4.73130270717502e-94,*
427,3,MBSB,PPSB,-46.6307828043257,0.789200614334768,137,-59.0860954202775,2.33241968452093e-99,*
428,4,MBSB,PPSB,-41.7521672727414,0.789200614334767,137,-52.9043775617625,4.65978669937885e-93,*
429,6,MBSB,PPSB,-3.56199197395316,0.789200614334767,137,-4.51341763963987,1.36087074176329e-05,*
430,8,MBSB,PPSB,7.04763700012837,0.789200614334767,137,8.93009568431337,2.49642997157859e-15,*
431,12,MBSB,PPSB,7.47227314837625,0.789200614334767,137,9.46815424703486,1.13127409221786e-16,*
432,16,MBSB,PPSB,4.56788945229684,0.789200614334767,137,5.78799530731131,4.63706803821634e-08,*
433,0,MBSB,QTSB,3.17922154289278e-14,0.789200614334767,137,4.02840733413849e-14,0.999999999999968,NS
434,1,MBSB,QTSB,38.0160545376198,0.789200614334767,137,48.1703306448441,9.18449829964407e-88,*
435,2,MBSB,QTSB,38.9196005752976,0.789200614334768,137,49.3152182960523,4.37659656637555e-89,*
436,3,MBSB,QTSB,28.6654625296025,0.789200614334768,137,36.3221492849004,3.44050982131894e-72,*
437,4,MBSB,QTSB,18.5695019410991,0.789200614334767,137,23.529507711739,5.71140454430334e-50,*
438,6,MBSB,QTSB,4.96358791150855,0.789200614334767,137,6.28938678119563,3.99243785964127e-09,*
439,8,MBSB,QTSB,-0.208871129799982,0.789200614334767,137,-0.264661641167175,0.791667890123832,NS
440,12,MBSB,QTSB,-2.21522300111644,0.789200614334767,137,-2.80692001612758,0.00573163162363547,*
441,16,MBSB,QTSB,-2.59450500330928,0.789200614334768,137,-3.28751011616512,0.00128431305545055,*
